<?xml version="1.0" encoding="UTF-8"?><rss version="2.0"
	xmlns:content="http://purl.org/rss/1.0/modules/content/"
	xmlns:wfw="http://wellformedweb.org/CommentAPI/"
	xmlns:dc="http://purl.org/dc/elements/1.1/"
	xmlns:atom="http://www.w3.org/2005/Atom"
	xmlns:sy="http://purl.org/rss/1.0/modules/syndication/"
	xmlns:slash="http://purl.org/rss/1.0/modules/slash/"
	>

<channel>
	<title>Products &#8211; wpstatic test</title>
	<atom:link href="/shop/feed/" rel="self" type="application/rss+xml" />
	<link></link>
	<description>Just another WordPress site</description>
	<lastBuildDate>Wed, 20 Jun 2018 07:25:44 +0000</lastBuildDate>
	<language>en-US</language>
	<sy:updatePeriod>
	hourly	</sy:updatePeriod>
	<sy:updateFrequency>
	1	</sy:updateFrequency>
	<generator>https://wordpress.org/?v=6.1.1</generator>
	<item>
		<title>Handpicked Red Chillies</title>
		<link>/product/handpicked-red-chillies/</link>
					<comments>/product/handpicked-red-chillies/#respond</comments>
		
		<dc:creator><![CDATA[admin]]></dc:creator>
		<pubDate>Wed, 20 Jun 2018 07:25:44 +0000</pubDate>
				<guid isPermaLink="false">/product/handpicked-red-chillies/</guid>

					<description><![CDATA[Neque porro quisquam est, qui dolore ipsum quia dolor sit amet, consectetur adipisci velit, sed quia non incidunt lores ta porro ame. numquam eius modi tempora incidunt lores ta porro ame.]]></description>
										<content:encoded><![CDATA[<p>Neque porro quisquam est, qui dolore ipsum quia dolor sit amet, consectetur adipisci velit, sed quia non incidunt lores ta porro ame. numquam eius modi tempora incidunt lores ta porro ame.</p>
]]></content:encoded>
					
					<wfw:commentRss>/product/handpicked-red-chillies/feed/</wfw:commentRss>
			<slash:comments>0</slash:comments>
		
		
			</item>
		<item>
		<title>Pulses From Organic Farm</title>
		<link>/product/pulses-from-organic-farm/</link>
					<comments>/product/pulses-from-organic-farm/#respond</comments>
		
		<dc:creator><![CDATA[admin]]></dc:creator>
		<pubDate>Wed, 20 Jun 2018 07:16:56 +0000</pubDate>
				<guid isPermaLink="false">/product/pulses-from-organic-farm/</guid>

					<description><![CDATA[Neque porro quisquam est, qui dolore ipsum quia dolor sit amet, consectetur adipisci velit, sed quia non incidunt lores ta porro ame. numquam eius modi tempora incidunt lores ta porro ame.]]></description>
										<content:encoded><![CDATA[<p>Neque porro quisquam est, qui dolore ipsum quia dolor sit amet, consectetur adipisci velit, sed quia non incidunt lores ta porro ame. numquam eius modi tempora incidunt lores ta porro ame.</p>
]]></content:encoded>
					
					<wfw:commentRss>/product/pulses-from-organic-farm/feed/</wfw:commentRss>
			<slash:comments>0</slash:comments>
		
		
			</item>
		<item>
		<title>Fresh Orange Juice</title>
		<link>/product/fresh-orange-juice/</link>
					<comments>/product/fresh-orange-juice/#respond</comments>
		
		<dc:creator><![CDATA[admin]]></dc:creator>
		<pubDate>Wed, 20 Jun 2018 07:16:12 +0000</pubDate>
				<guid isPermaLink="false">/product/fresh-orange-juice/</guid>

					<description><![CDATA[Neque porro quisquam est, qui dolore ipsum quia dolor sit amet, consectetur adipisci velit, sed quia non incidunt lores ta porro ame. numquam eius modi tempora incidunt lores ta porro ame.]]></description>
										<content:encoded><![CDATA[<p>Neque porro quisquam est, qui dolore ipsum quia dolor sit amet, consectetur adipisci velit, sed quia non incidunt lores ta porro ame. numquam eius modi tempora incidunt lores ta porro ame.</p>
]]></content:encoded>
					
					<wfw:commentRss>/product/fresh-orange-juice/feed/</wfw:commentRss>
			<slash:comments>0</slash:comments>
		
		
			</item>
		<item>
		<title>Hand Sanitizer</title>
		<link>/product/hand-sanitizer/</link>
					<comments>/product/hand-sanitizer/#respond</comments>
		
		<dc:creator><![CDATA[admin]]></dc:creator>
		<pubDate>Wed, 20 Jun 2018 07:13:55 +0000</pubDate>
				<guid isPermaLink="false">/product/hand-sanitizer/</guid>

					<description><![CDATA[Neque porro quisquam est, qui dolore ipsum quia dolor sit amet, consectetur adipisci velit, sed quia non incidunt lores ta porro ame. numquam eius modi tempora incidunt lores ta porro ame.]]></description>
										<content:encoded><![CDATA[<p>Neque porro quisquam est, qui dolore ipsum quia dolor sit amet, consectetur adipisci velit, sed quia non incidunt lores ta porro ame. numquam eius modi tempora incidunt lores ta porro ame.</p>
]]></content:encoded>
					
					<wfw:commentRss>/product/hand-sanitizer/feed/</wfw:commentRss>
			<slash:comments>0</slash:comments>
		
		
			</item>
		<item>
		<title>Farm Fresh Eggs</title>
		<link>/product/farm-fresh-eggs/</link>
					<comments>/product/farm-fresh-eggs/#respond</comments>
		
		<dc:creator><![CDATA[admin]]></dc:creator>
		<pubDate>Tue, 19 Jun 2018 13:53:16 +0000</pubDate>
				<guid isPermaLink="false">/product/farm-fresh-eggs/</guid>

					<description><![CDATA[Neque porro quisquam est, qui dolore ipsum quia dolor sit amet, consectetur adipisci velit, sed quia non incidunt lores ta porro ame. numquam eius modi tempora incidunt lores ta porro ame.]]></description>
										<content:encoded><![CDATA[<p>Neque porro quisquam est, qui dolore ipsum quia dolor sit amet, consectetur adipisci velit, sed quia non incidunt lores ta porro ame. numquam eius modi tempora incidunt lores ta porro ame.</p>
]]></content:encoded>
					
					<wfw:commentRss>/product/farm-fresh-eggs/feed/</wfw:commentRss>
			<slash:comments>0</slash:comments>
		
		
			</item>
		<item>
		<title>Fresh Organic Honey</title>
		<link>/product/fresh-organic-honey/</link>
					<comments>/product/fresh-organic-honey/#respond</comments>
		
		<dc:creator><![CDATA[admin]]></dc:creator>
		<pubDate>Tue, 19 Jun 2018 13:46:05 +0000</pubDate>
				<guid isPermaLink="false">/product/fresh-organic-honey/</guid>

					<description><![CDATA[Neque porro quisquam est, qui dolore ipsum quia dolor sit amet, consectetur adipisci velit, sed quia non incidunt lores ta porro ame. numquam eius modi tempora incidunt lores ta porro ame.]]></description>
										<content:encoded><![CDATA[<p>Neque porro quisquam est, qui dolore ipsum quia dolor sit amet, consectetur adipisci velit, sed quia non incidunt lores ta porro ame. numquam eius modi tempora incidunt lores ta porro ame.</p>
]]></content:encoded>
					
					<wfw:commentRss>/product/fresh-organic-honey/feed/</wfw:commentRss>
			<slash:comments>0</slash:comments>
		
		
			</item>
		<item>
		<title>Natural Extracted Edible Oil</title>
		<link>/product/natural-extracted-olive-oil/</link>
					<comments>/product/natural-extracted-olive-oil/#respond</comments>
		
		<dc:creator><![CDATA[admin]]></dc:creator>
		<pubDate>Tue, 19 Jun 2018 13:45:22 +0000</pubDate>
				<guid isPermaLink="false">/product/natural-extracted-olive-oil/</guid>

					<description><![CDATA[Neque porro quisquam est, qui dolore ipsum quia dolor sit amet, consectetur adipisci velit, sed quia non incidunt lores ta porro ame. numquam eius modi tempora incidunt lores ta porro ame.]]></description>
										<content:encoded><![CDATA[<p>Neque porro quisquam est, qui dolore ipsum quia dolor sit amet, consectetur adipisci velit, sed quia non incidunt lores ta porro ame. numquam eius modi tempora incidunt lores ta porro ame.</p>
]]></content:encoded>
					
					<wfw:commentRss>/product/natural-extracted-olive-oil/feed/</wfw:commentRss>
			<slash:comments>0</slash:comments>
		
		
			</item>
		<item>
		<title>Assorted Coffee</title>
		<link>/product/assorted-coffee/</link>
					<comments>/product/assorted-coffee/#respond</comments>
		
		<dc:creator><![CDATA[admin]]></dc:creator>
		<pubDate>Tue, 19 Jun 2018 13:42:19 +0000</pubDate>
				<guid isPermaLink="false">/product/assorted-coffee/</guid>

					<description><![CDATA[Neque porro quisquam est, qui dolore ipsum quia dolor sit amet, consectetur adipisci velit, sed quia non incidunt lores ta porro ame. numquam eius modi tempora incidunt lores ta porro ame.]]></description>
										<content:encoded><![CDATA[<p>Neque porro quisquam est, qui dolore ipsum quia dolor sit amet, consectetur adipisci velit, sed quia non incidunt lores ta porro ame. numquam eius modi tempora incidunt lores ta porro ame.</p>
]]></content:encoded>
					
					<wfw:commentRss>/product/assorted-coffee/feed/</wfw:commentRss>
			<slash:comments>0</slash:comments>
		
		
			</item>
		<item>
		<title>Wheat From Organic Farms</title>
		<link>/product/wheat-from-organic-farms/</link>
					<comments>/product/wheat-from-organic-farms/#respond</comments>
		
		<dc:creator><![CDATA[admin]]></dc:creator>
		<pubDate>Tue, 19 Jun 2018 13:40:31 +0000</pubDate>
				<guid isPermaLink="false">/product/wheat-from-organic-farms/</guid>

					<description><![CDATA[Neque porro quisquam est, qui dolore ipsum quia dolor sit amet, consectetur adipisci velit, sed quia non incidunt lores ta porro ame. numquam eius modi tempora incidunt lores ta porro ame.]]></description>
										<content:encoded><![CDATA[<p>Neque porro quisquam est, qui dolore ipsum quia dolor sit amet, consectetur adipisci velit, sed quia non incidunt lores ta porro ame. numquam eius modi tempora incidunt lores ta porro ame.</p>
]]></content:encoded>
					
					<wfw:commentRss>/product/wheat-from-organic-farms/feed/</wfw:commentRss>
			<slash:comments>0</slash:comments>
		
		
			</item>
		<item>
		<title>Diabetic Cookies</title>
		<link>/product/diabetic-cookies/</link>
					<comments>/product/diabetic-cookies/#respond</comments>
		
		<dc:creator><![CDATA[admin]]></dc:creator>
		<pubDate>Tue, 19 Jun 2018 13:34:23 +0000</pubDate>
				<guid isPermaLink="false">/product/diabetic-cookies/</guid>

					<description><![CDATA[Neque porro quisquam est, qui dolore ipsum quia dolor sit amet, consectetur adipisci velit, sed quia non incidunt lores ta porro ame. numquam eius modi tempora incidunt lores ta porro ame.]]></description>
										<content:encoded><![CDATA[<p>Neque porro quisquam est, qui dolore ipsum quia dolor sit amet, consectetur adipisci velit, sed quia non incidunt lores ta porro ame. numquam eius modi tempora incidunt lores ta porro ame.</p>
]]></content:encoded>
					
					<wfw:commentRss>/product/diabetic-cookies/feed/</wfw:commentRss>
			<slash:comments>0</slash:comments>
		
		
			</item>
	</channel>
</rss>
